Date,Open,Close,High,Low
2025-11-19,61400,60600,61800,59400
2025-11-18,63100,60800,64000,60100
2025-11-17,62900,63900,64400,62200
2025-11-14,63700,62800,65900,62300
2025-11-13,62000,65200,65200,61600
2025-11-12,62400,62000,63500,61600
2025-11-11,63000,62400,64100,61700
2025-11-10,62100,63100,63700,61900
2025-11-07,64000,61900,64500,60600
2025-11-06,64900,65000,66200,62000
2025-11-05,67000,64300,67100,63100
2025-11-04,66400,67600,69000,66100
2025-11-03,69000,67300,69200,65400
2025-10-31,67800,70300,72100,67200
2025-10-30,70500,68900,71700,68700
2025-10-29,73500,73500,76400,72200
2025-10-28,69600,68900,70300,67500
2025-10-27,73500,69100,74400,68400
2025-10-24,57500,66600,68000,56900
2025-10-23,57700,57100,58000,56800
2025-10-22,58500,58900,58900,57300
2025-10-21,58200,58500,60600,58000
2025-10-20,56400,56600,56800,55700
2025-10-17,59800,56000,59800,55800
2025-10-16,62900,61200,62900,60700
2025-10-15,58000,61500,63000,57600
2025-10-14,58600,57600,59100,56300
2025-10-13,55600,58000,58500,54800
2025-10-10,55100,56200,56900,54800
2025-10-02,56100,55500,56300,54500
2025-10-01,54500,56200,57300,54400
2025-09-30,54900,54400,55100,54100
2025-09-29,55300,54800,55300,54300
2025-09-26,55400,54800,56000,54600
2025-09-25,56700,55900,56800,55100
2025-09-24,55800,56400,57400,55400
2025-09-23,56000,55500,56600,55300
2025-09-22,57700,56300,58200,56100
2025-09-19,58000,57000,58300,56200
2025-09-18,58600,58000,58600,57400
2025-09-17,61000,57900,61000,57900
2025-09-16,61000,61500,62700,60900
2025-09-15,60200,60000,60700,59400
2025-09-12,59100,59400,59600,57100
2025-09-11,60000,58700,60200,58700
2025-09-10,59200,59900,60100,58900
2025-09-09,60500,59100,60500,59000
2025-09-08,60200,60100,61300,59800
2025-09-05,59700,59600,59800,59000
2025-09-04,60700,59900,60900,59400
2025-09-03,60100,59800,60200,58900
2025-09-02,60800,60000,61200,59200
2025-09-01,61200,60600,61800,60000
2025-08-29,62300,62100,62400,61500
2025-08-28,61900,62200,62600,61000
2025-08-27,61700,62300,63300,61600
2025-08-26,63200,61700,63300,61500
2025-08-25,64500,64300,65500,63200
2025-08-22,63000,62500,63800,61300
2025-08-21,60100,61100,63000,59400
2025-08-20,58100,58800,59000,54350
2025-08-19,62700,61500,63300,60900
2025-08-18,63200,63900,64200,62500
2025-08-14,63800,63800,64800,62900
2025-08-13,66400,63900,66500,62100
2025-08-12,67000,66000,68100,65600
2025-08-11,68500,66700,69400,65100
2025-08-08,70300,68400,70300,67900
2025-08-07,70900,69600,71000,69100
2025-08-06,68000,71200,71700,66800
2025-08-05,67100,67500,68700,66200
2025-08-04,65000,66000,66500,64000
2025-08-01,66900,65600,67900,65000
2025-07-31,65500,67500,68500,65000
2025-07-30,66900,65200,67200,64300
2025-07-29,65000,65800,66000,63400
2025-07-28,65700,65600,66700,65100
2025-07-25,66200,66800,67000,65000
2025-07-24,66600,66200,68500,65900
2025-07-23,67200,66000,67800,65500
2025-07-22,70000,67100,70100,66000
2025-07-21,71600,70800,71600,67800
2025-07-18,70900,70900,72600,68000
2025-07-17,71800,70600,72000,69900
2025-07-16,73300,71100,73300,70900
2025-07-15,73300,73600,75200,72100
2025-07-14,71300,71200,71600,70000
2025-07-11,73300,72100,74800,71000
2025-07-10,74200,72600,74400,72500
2025-07-09,74300,73800,74900,71900
2025-07-08,72200,73700,74500,71700
2025-07-07,69100,71700,72400,69000
2025-07-04,74100,71300,75500,70700
2025-07-03,74300,73700,75800,72800
2025-07-02,76000,74300,76700,71200
2025-07-01,79000,76800,83900,76300
2025-06-30,80600,78500,81200,78200
2025-06-27,78100,78800,81000,77400
2025-06-26,79000,78900,79800,74600
2025-06-25,77000,81100,85100,76800
2025-06-24,79800,76300,81100,74700
2025-06-23,72900,75500,77600,72600
2025-06-20,77900,75300,77900,74000
2025-06-19,76900,78400,78900,75000
2025-06-18,77800,76700,78700,75000
2025-06-17,81300,78000,81600,76000
2025-06-16,74200,79100,79600,74200
2025-06-13,76700,73600,77000,72700
2025-06-12,74700,76200,78800,74300
2025-06-11,70600,72100,72500,69200
2025-06-10,68900,72000,74000,68900
2025-06-09,67600,68300,69900,65000
2025-06-05,71000,68000,71100,65300
2025-06-04,65500,68800,69600,64500
2025-06-02,61900,65700,66200,61800
2025-05-30,66200,63800,66500,62000
2025-05-29,59600,66900,66900,59600
2025-05-28,64700,60800,65100,60500
2025-05-27,58000,62000,62100,57900
2025-05-26,56200,58200,58900,55000
2025-05-23,50600,54200,54400,49800
2025-05-22,48450,48550,49500,48250
2025-05-21,47700,48950,49450,47100
2025-05-20,45900,46750,47100,45100
2025-05-19,44500,45500,45900,44350
2025-05-16,43600,44600,45000,43500
2025-05-15,43050,43450,43950,42750
2025-05-14,44050,43700,44450,43450
2025-05-13,43700,43500,43950,42650
2025-05-12,42400,44200,44300,42300
2025-05-09,42950,41200,42950,41100
2025-05-08,43200,42700,43500,42100
2025-05-07,40350,43000,43150,40200
2025-05-02,41800,40800,41950,39850
2025-04-30,41200,41600,41900,40750
2025-04-29,41350,41150,41650,40700
2025-04-28,39500,41150,41650,39450
2025-04-25,40500,39350,40500,39350
2025-04-24,38550,40000,40100,38200
2025-04-23,38650,38450,39050,38400
2025-04-22,38550,38300,39050,38050
2025-04-21,39350,39000,39550,38700
2025-04-18,39300,39350,39850,38650
2025-04-17,38350,39250,39250,38200
2025-04-16,39250,38600,39650,38450
2025-04-15,38400,39500,39700,38300
2025-04-14,37900,38600,38700,37450
2025-04-11,37200,38200,38200,36900
2025-04-10,36550,37800,37800,36000
2025-04-09,35850,35850,36300,35450
2025-04-08,35000,36200,36200,34800
2025-04-07,35000,34550,35450,33950
2025-04-04,35700,35700,36150,35150
2025-04-03,35100,35900,36000,34900
2025-04-02,36200,35700,36300,35400
2025-04-01,36250,36400,36500,35500
2025-03-31,34550,35950,36200,34250
2025-03-28,35000,34700,35000,33950
2025-03-27,34200,34700,35100,34050
2025-03-26,34950,34450,35000,34000
2025-03-25,33800,34850,35500,33750
2025-03-24,33700,33350,33850,33200
2025-03-21,33550,34200,34450,33300
2025-03-20,34100,33950,34200,33400
2025-03-19,33750,33800,34200,33700
2025-03-18,32950,33550,33600,32900
2025-03-17,32700,32950,33000,31650
2025-03-14,32500,32600,33000,32350
2025-03-13,33800,32300,33900,32250
2025-03-12,34350,33700,35000,33450
2025-03-11,35000,34000,35700,33875
2025-03-10,35650,35900,36050,34900
2025-03-07,35200,35650,36500,34800
2025-03-06,35400,35250,35700,35100
2025-03-05,33700,35250,35400,33600
2025-03-04,33150,33250,33700,32700
2025-02-28,34850,33500,34900,33500
2025-02-27,35450,35250,35900,34950
2025-02-26,34600,35500,35850,34550
2025-02-25,35200,34450,36300,33050
2025-02-24,35300,35300,35700,34400
2025-02-21,35700,35300,35900,35000
2025-02-20,36150,35650,36150,34750
2025-02-19,37400,36200,37400,35950
2025-02-18,34450,37000,37550,34200
2025-02-17,34900,34200,35100,33950
2025-02-14,34400,34600,35000,33800
2025-02-13,33000,33750,34200,33000
2025-02-12,32050,32300,32650,31600
2025-02-11,32200,32700,33000,32100
2025-02-10,32150,32000,32750,31700
2025-02-07,31600,32400,32800,31300
2025-02-06,30750,31600,31800,30500
2025-02-05,30850,30450,31050,30200
2025-02-04,31100,30900,31600,30650
2025-02-03,30650,30800,31050,29800
2025-01-31,30600,31050,31350,30150
2025-01-24,30000,31500,31500,29700
2025-01-23,29000,29700,30600,28950
2025-01-22,26200,28450,28450,25850
2025-01-21,26350,26100,26500,25850
2025-01-20,26400,26350,26500,26100
2025-01-17,26850,26600,26850,26200
2025-01-16,26200,26850,26850,26050
2025-01-15,26250,25900,26450,25750
2025-01-14,26250,26050,26250,25750
2025-01-13,26550,26250,26550,25900
2025-01-10,25350,26650,26700,25350
2025-01-09,25800,25300,25900,25200
2025-01-08,26050,25900,26250,25850
2025-01-07,25950,26200,26400,25850
2025-01-06,25900,25900,26000,25600
2025-01-03,25300,25850,25950,25250
2025-01-02,25500,25450,25750,25350
2024-12-30,25400,25400,25900,25400
2024-12-27,25600,25500,25850,25200
2024-12-26,26200,25750,26250,25700
2024-12-24,26000,26000,26200,25950
2024-12-23,25900,26100,26200,25800
2024-12-20,25950,25800,26250,25550
2024-12-19,25600,25850,26050,25450
2024-12-18,25850,26050,26200,25650
2024-12-17,25900,25800,26100,25800
2024-12-16,26350,25850,26450,25850
2024-12-13,25500,26200,26200,25500
2024-12-12,25650,25600,25850,25350
2024-12-11,25150,25450,25550,25150
2024-12-10,24200,25350,25500,24200
2024-12-09,25150,24100,25200,24100
2024-12-06,25650,25700,26200,25100
2024-12-05,26700,25750,26850,25750
2024-12-04,27300,26650,27450,26450
2024-12-03,27550,27800,27950,27450
2024-12-02,27600,27400,27750,27350
2024-11-29,28450,27450,28450,27400
2024-11-28,28250,28250,28600,27800
2024-11-27,27550,28250,28850,27550
2024-11-26,27650,27400,27900,27100
2024-11-25,28400,27400,28700,27400
2024-11-22,28350,28300,28800,28200
2024-11-21,28200,28200,28500,27850
2024-11-20,28200,28150,28400,28100
2024-11-19,28950,28250,29050,28150
2024-11-18,28450,28950,29300,28350
2024-11-15,28800,28900,29000,28250
2024-11-14,28350,28800,28800,28100
2024-11-13,28950,28350,29450,28250
2024-11-12,28700,28700,29500,28100
2024-11-11,29450,28700,29600,28650
2024-11-08,28850,29250,29500,28850
2024-11-07,29500,28700,29500,27900
2024-11-06,29650,29500,29650,28550
2024-11-05,28200,29200,29200,28200
2024-11-04,28100,28100,28200,27850
2024-11-01,27800,28100,28150,27600
2024-10-31,28100,27900,28100,27850
2024-10-30,28500,28250,28550,28200
2024-10-29,28550,28500,28600,28150
2024-10-28,27850,28550,28600,27850
2024-10-25,28200,28050,28350,27800
2024-10-24,28500,28350,28600,28350
2024-10-23,29250,28500,29300,28200
2024-10-22,29700,29200,29800,29100
2024-10-21,30300,29950,30300,29900
2024-10-18,30300,30150,30300,29750
2024-10-17,29750,30150,30450,29750
2024-10-16,29900,29650,29900,29400
2024-10-15,30300,29900,30300,29850
2024-10-14,29950,30100,30150,29800
2024-10-11,30350,29900,30600,29850
2024-10-10,30700,30200,30850,30150
2024-10-08,30150,30400,30600,30050
2024-10-07,30100,30100,30300,29800
2024-10-04,30200,30050,30350,30000
2024-10-02,30250,30300,30700,30000
2024-09-30,30900,30500,31050,30500
2024-09-27,31200,30750,31200,30600
2024-09-26,30700,31200,31200,30650
2024-09-25,31250,30600,31300,30600
2024-09-24,30600,31050,31050,30450
2024-09-23,30950,30550,31000,30300
2024-09-20,31450,30950,31450,30700
2024-09-19,31600,31150,31800,30800
2024-09-13,30850,31250,31350,30800
2024-09-12,30150,30700,30800,29950
2024-09-11,29950,29950,30000,29550
2024-09-10,30200,29800,30300,29800
2024-09-09,29850,30300,30300,29550
2024-09-06,30500,30150,30650,30000
2024-09-05,31100,30500,31400,30350
2024-09-04,31400,30950,31500,30500
2024-09-03,32200,32050,32350,31850
2024-09-02,32100,32150,32400,31750
2024-08-30,32300,32000,32300,31750
2024-08-29,31950,32100,32350,31900
2024-08-28,32750,32200,32800,31950
2024-08-27,32600,32900,33000,32500
2024-08-26,32400,32750,32900,32050
2024-08-23,31550,32150,32350,31500
2024-08-22,31950,31650,31950,31250
2024-08-21,31400,31950,32250,31150
2024-08-20,31000,31400,31850,30850
2024-08-19,30850,30850,31200,30550
2024-08-16,31100,30750,31150,30750
2024-08-14,31050,30800,31100,30550
2024-08-13,31500,30750,31500,30550
2024-08-12,30950,31400,31450,30750
2024-08-09,31450,30950,31500,30850
2024-08-08,29850,31200,31200,29500
2024-08-07,29700,29900,30300,29600
2024-08-06,30000,29950,30900,29700
2024-08-05,32150,29650,32250,29050
2024-08-02,32750,32400,32900,32250
2024-08-01,33450,33150,33500,32850
2024-07-31,32950,33450,34150,32750
2024-07-30,32900,32900,33150,32650
2024-07-29,33050,33200,33650,32650
2024-07-26,32100,32950,33200,32050
2024-07-25,31950,32150,32300,31900
2024-07-24,32250,32050,32450,32000
2024-07-23,33000,32300,33100,32300
2024-07-22,32550,33000,33150,32300
2024-07-19,33100,32600,33100,32450
2024-07-18,34800,33400,34850,32850
2024-07-17,33150,34450,34900,33100
2024-07-16,33150,32850,33450,32650
2024-07-15,32100,32900,33000,32100
2024-07-12,32350,31950,32900,31700
2024-07-11,31950,32150,32150,31750
2024-07-10,32200,31800,32250,31700
2024-07-09,32000,32100,32400,31950
2024-07-08,31800,31850,32000,31750
2024-07-05,31850,31900,32150,31750
2024-07-04,32200,31850,32300,31700
2024-07-03,32200,32200,32650,32100
2024-07-02,33000,32200,33050,32200
2024-07-01,32050,33200,33250,32000
2024-06-28,31900,32050,32200,31800
2024-06-27,31600,31700,31700,31450
2024-06-26,32000,31750,32050,31650
2024-06-25,32150,32050,32300,31800
2024-06-24,32300,31950,32350,31950
2024-06-21,32500,32300,32650,32300
2024-06-20,32100,32400,32650,32050
2024-06-19,32150,32050,32550,32000
2024-06-18,32250,31950,32300,31900
2024-06-17,32750,32150,32900,32100
2024-06-14,32450,32600,32650,32250
2024-06-13,32800,32450,33350,32450
2024-06-12,33000,32650,33200,32600
2024-06-11,33200,32900,33600,32800
2024-06-10,33000,33100,33300,32700
2024-06-07,33100,33050,33450,33050
2024-06-05,33400,33100,33400,33100
2024-06-04,33500,33200,33750,33150
2024-06-03,33450,33850,33950,33350
2024-05-31,33500,33200,33850,33050
2024-05-30,33750,33350,33950,33300
2024-05-29,34250,34050,34600,33850
2024-05-28,34550,34500,34750,34250
2024-05-27,33550,34800,34900,33550
2024-05-24,33500,33500,33800,33450
2024-05-23,33750,33950,34000,33550
2024-05-22,33800,33750,34100,33500
2024-05-21,33950,33800,34000,33650
2024-05-20,34400,34100,34650,33950
2024-05-17,34900,34250,34950,34200
2024-05-16,35450,35100,35600,34700
2024-05-14,35000,35100,35550,34800
2024-05-13,34950,34800,35000,34550
2024-05-10,35550,34800,35800,34750
2024-05-09,35650,35350,36000,35250
2024-05-08,35600,35700,35850,35300
2024-05-07,35250,35600,35650,35150
2024-05-03,35500,35250,35500,35100
2024-05-02,35300,35400,35550,35050
2024-04-30,35350,35450,35750,35100
2024-04-29,34700,35400,35500,34650
2024-04-26,34550,34600,34850,34400
2024-04-25,34350,34800,34850,34250
2024-04-24,34300,34600,34800,34000
2024-04-23,34000,34200,34200,33700
2024-04-22,33600,34000,34150,33450
2024-04-19,32000,33250,33450,31600
2024-04-18,31700,32400,32400,31500
2024-04-17,31550,31350,31750,31200
2024-04-16,32150,31500,32300,31450
2024-04-15,32400,32350,32650,32200
2024-04-12,33150,32700,33200,32600
2024-04-11,32650,33400,33400,32550
2024-04-09,32950,33000,33400,32800
2024-04-08,32600,32700,32950,32550
2024-04-05,32300,32700,33000,32200
2024-04-04,32850,32650,32850,32350
2024-04-03,32850,32650,33350,32550
2024-04-02,33050,32950,33150,32700
2024-04-01,33050,33200,33300,32900
2024-03-29,33300,33000,33450,33000
2024-03-28,33400,33250,33400,33150
2024-03-27,33100,33250,33450,33050
2024-03-26,33350,33100,33550,33100
2024-03-25,33850,33350,33900,33250
2024-03-22,34400,34100,34450,33950
2024-03-21,34100,34300,34500,34000
2024-03-20,33900,33700,34150,33500
2024-03-19,34150,33750,34600,33750
2024-03-18,34500,34400,34550,34000
2024-03-15,34000,34500,34800,33800
2024-03-14,33200,34000,34000,33050
2024-03-13,33600,33250,33600,33250
2024-03-12,33900,33500,33900,33400
2024-03-11,34000,33700,34200,33700
2024-03-08,33700,34100,34100,33450
2024-03-07,33900,33300,34000,33300
2024-03-06,33700,33750,34100,33550
2024-03-05,33750,33700,34150,33650
2024-03-04,34550,33850,34600,33800
2024-02-29,34250,34700,34700,33700
2024-02-28,33850,34250,34450,33500
2024-02-27,34600,33800,34800,33800
2024-02-26,35050,34350,35500,34150
2024-02-23,34100,33650,34150,33650
2024-02-22,34100,33900,34150,33650
2024-02-21,34000,33750,34100,33600
2024-02-20,34700,33800,34800,33700
2024-02-19,34600,34800,35350,34100
2024-02-16,33500,33750,33900,33250
2024-02-15,33550,33200,33600,33200
2024-02-14,33750,33400,33800,33200
2024-02-13,34200,34000,34900,33950
2024-02-08,33950,33950,34200,33600
2024-02-07,33850,33850,33950,33450
2024-02-06,34900,33700,35100,33600
2024-02-05,34400,35150,35200,34100
2024-02-02,35250,34400,35250,33900
2024-02-01,34300,35050,35050,34200
2024-01-31,33600,34650,34650,33450
2024-01-30,34400,33800,34600,33650
2024-01-29,33100,34250,34500,33000
2024-01-26,32000,33100,33400,31950
2024-01-25,31250,32050,32350,31200
2024-01-24,32200,31400,32300,31300
2024-01-23,32100,32050,32300,31350
2024-01-22,33100,32050,33200,31950
2024-01-19,33150,33000,33300,32500
2024-01-18,32750,32800,33250,32600
2024-01-17,33700,32800,33750,32700
2024-01-16,33950,33750,34200,33600
2024-01-15,34500,34050,34650,33800
2024-01-12,34550,34550,34950,34350
2024-01-11,34750,34350,34900,34350
2024-01-10,34300,34700,34800,34100
2024-01-09,33750,34200,34350,33650
2024-01-08,33650,33450,34050,33450
2024-01-05,34250,33850,34450,33750
2024-01-04,34650,34250,34650,34200
2024-01-03,34300,34550,34700,34300
2024-01-02,34500,34550,34700,34200
2023-12-28,34800,34900,34900,33950
2023-12-27,34950,34950,35150,34700
2023-12-26,35050,34950,35150,34800
2023-12-22,35000,34750,35050,34700
2023-12-21,34900,34800,35000,34650
2023-12-20,34850,34900,35150,34800
2023-12-19,35400,34700,35400,34550
2023-12-18,35900,35400,35900,35400
2023-12-15,36150,35950,36200,35650
2023-12-14,35850,35850,36050,35750
2023-12-13,36000,35300,36050,35200
2023-12-12,36150,36000,36350,36000
2023-12-11,36250,36000,36300,35750
2023-12-08,36350,36100,36450,36050
2023-12-07,36450,36300,36750,36100
2023-12-06,35500,36700,36900,35400
2023-12-05,35450,35350,35700,35150
2023-12-04,36200,35550,36250,35450
2023-12-01,36250,35850,36700,35800
2023-11-30,35800,35850,36050,35600
2023-11-29,37500,35850,37500,35750
2023-11-28,37250,37300,37300,36900
2023-11-27,36900,37050,37450,36850
2023-11-24,37400,36850,37450,36800
2023-11-23,37450,37300,37650,37050
2023-11-22,37000,37050,37250,36850
2023-11-21,37350,37350,37800,37100
2023-11-20,36800,36850,37000,36600
